{
    "bat": {
        "bar": {
            "price": 2000,
            "gain": 100
        },
        "garage": {
            "price": 3000,
            "gain": 200
        },
        "magasin": {
            "price": 4000,
            "gain": 300
        },
        "cinema": {
            "price": 5000,
            "gain": 400
        },
        "gare": {
            "price": 6500,
            "gain": 500
        },
        "mairie": {
            "price": 8000,
            "gain": 600
        }
    },
    "job": {
        "braqueur": {
            "price": 16,
            "cooldown": 13000000,
            "description": "Accès à la commande `braquage` qui permet de braquer les coins en banque d'une autre personne ou d'une team"
        },
        "tueur": {
            "price": 14,
            "cooldown": 18000000,
            "description": "Accès à la commande `kill` qui permet de voler des points de réputation à un autre utilisateur"
        },
        "juge": {
            "price": 15,
            "cooldown": 29100000,
            "description": "Accès à la commande `juge` qui permet de lancer un jugement pour retirer le métier d'un autre joueur"
        },
        "cambrioleur": {
            "price": 12,
            "cooldown": 36000000,
            "description": "Accès à la commande `cambriolage` qui permet de voler des coins dans l'entrepôt d'un autre utilisateur"
        },
        "hacker": {
            "price": 13,
            "cooldown": 7200000,
            "description": "Accès à la commande `hack` qui permet de détruire un cadena d'une team"
        },
        "policier": {
            "price": 12,
            "cooldown": 25200000,
            "description": "Accès à la commande `arrest` qui permet d'arrêter un joueur et de vérifier s'il n'a pas de :pill:, le policier retire les :pill: du joueur et l'empêche de jouer pendant 20 minutes !"
        }
    },
    "capacite": {
        "blanchisseur": {
            "price": 15,
            "description": "Vous pouvez via la commande `mobil` trasnformer les :pill: en :coin:"
        },
        "cultivateur": {
            "price": 8,
            "description": "Accès à la commande `recolt` pour récolter des :pill:"
        }
    },
    "other": {
        "antirob": {
            "price": 1000
        },
        "wagon": {
            "price": 1500
        }
    },
    "minerais": {
        "charbon": {
            "price": 100
        },
        "fer": {
            "price": 150
        },
        "or": {
            "price": 250
        },
        "diamant": {
            "price": 400
        }
    },
    "coq": {
        "food": {
            "price": 75,
            "healtgive": 1
        },
        "shield": {
            "price": 100,
            "healtgive": 1
        },
        "trains": {
            "débutant": {
                "duration": "1h",
                "def": 1
            },
            "habitué": {
                "duration": "3h",
                "attack": 1
            },
            "expert": {
                "duration": "5h",
                "attack": 1,
                "def": 1
            },
            "professionnel": {
                "duration": "7h",
                "attack": 1,
                "def": 2
            }
        }
    },
    "army": {
        "default": {
            "formation": 15,
            "duration": 5400000,
            "formation_cost": 600,
            "guerison_duration": 3000,
            "upgrade": 7200000,
            "upgrade_cost": 6000
        }
    },
    "creature": [
        {
            "name": "Goule",
            "avatar": "https://replicate.delivery/pbxt/6kiDTLYCOwqaOxfOI1wSvnNN7CHz0Ky4zZyzXgrdMVEJ0UbIA/out-0.png"
        },
        {
            "name": "Gorgone",
            "avatar": "https://replicate.delivery/pbxt/5LLffRordJsXSEHCAhUyncG2mooQwJS6P4fUQsYMcrjvQTthA/out-0.png"
        },
        {
            "name": "Roc",
            "avatar": "https://replicate.delivery/pbxt/CpxAHL98lsa5PhTkUeyJpFsMvCCRuneJu8pmbncsZrxwop2QA/out-0.png"
        },
        {
            "name": "Wendigo",
            "avatar": "https://replicate.delivery/pbxt/fKVht4fu8mvHgErTYn6MCtcSNj2vsrkJcdmL2B447sK2op2QA/out-0.png"
        },
        {
            "name": "Gnome",
            "avatar": "https://replicate.delivery/pbxt/xEoX4u5jA1I6Mpxxib92YbtrPIhekc9NJPp7NoFWYu3eop2QA/out-0.png"
        },
        {
            "name": "Vodyanoy",
            "avatar": "https://replicate.delivery/pbxt/5euI6CoMAgzJZCodizd6elYpzrvS1441c4RzoxeGl1YGSTthA/out-0.png"
        },
        {
            "name": "Frankenstein",
            "avatar": "https://replicate.delivery/pbxt/D95WAcBdtXo8H1ZCeUJzvtsPHxoVePCbDaCpMLeMX72WSTthA/out-0.png"
        },
        {
            "name": "Wolpertinger",
            "avatar": "https://replicate.delivery/pbxt/oNWVu2tN4Z7pJZbDqj9kMZ8rmAeQ8fe6KALbj85IH09dSTthA/out-0.png"
        },
        {
            "name": "Basilic",
            "avatar": "https://replicate.delivery/pbxt/bOBMDlh91T74D1SWPLjWBUrbT7OGrcjlIQJUrKXGEE3UaqNE/out-0.png"
        },
        {
            "name": "Basilisk",
            "avatar": "https://replicate.delivery/pbxt/INcEoCzxr5IGBtxLzsggJeID1jY2aYrT1lDe1mI0yPIUpp2QA/out-0.png"
        },
        {
            "name": "Naga",
            "avatar": "https://replicate.delivery/pbxt/w0oSAJRlLlonHteiNR0MVD2mn5ZE4W4oBmLtlVDDSNht0UbIA/out-0.png"
        },
        {
            "name": "Dragon",
            "avatar": "https://replicate.delivery/pbxt/ZzpJljFsqGrSCVje7rfgSLyGoURBKXmLpmcjBMQvIf13STthA/out-0.png"
        },
        {
            "name": "Lutin",
            "avatar": "https://replicate.delivery/pbxt/QJngS6wLD14LON8UFG4f1IMWDZi5xUJJUB4cB5CQGYov0UbIA/out-0.png"
        },
        {
            "name": "Sylphe",
            "avatar": "https://replicate.delivery/pbxt/xuBwQRoaDzLgGxNCOTTVPunJ7VIRWVmPn6IfhoNhuXPy0UbIA/out-0.png"
        },
        {
            "name": "Hippocampe",
            "avatar": "https://replicate.delivery/pbxt/cW6n1iwd4FLeLCU1nofhGXfJByGJ5SJ6i31Owa5vqKFUTTthA/out-0.png"
        },
        {
            "name": "Sphinx",
            "avatar": "https://replicate.delivery/pbxt/MDTaB4q5Ia7SG1XJmzCQ4V35q4km1F6u67SQYkVUuPhbaqNE/out-0.png"
        },
        {
            "name": "Salamandre",
            "avatar": "https://replicate.delivery/pbxt/2dNz0Ir52naXA5nL1RiZmNULdYjrAgSADqXNjYj4rDycaqNE/out-0.png"
        },
        {
            "name": "Gargouille",
            "avatar": "https://replicate.delivery/pbxt/A3jHkGfXc1xfOkdC7J8reOYXlu6a8oTKVQq0R2Iee4vBPN1GC/out-0.png"
        },
        {
            "name": "Dryade",
            "avatar": "https://replicate.delivery/pbxt/z52ZRWCznQ7SHRcATYrEwBrn0OEtUPYG4at9zvfcVUyepp2QA/out-0.png"
        },
        {
            "name": "Chupacabra",
            "avatar": "https://replicate.delivery/pbxt/Zm0Yi2cCO6KRM5uvoT89lsmpW79LHjuIbmqr9iYDxDvgaqNE/out-0.png"
        },
        {
            "name": "Luko",
            "avatar": "https://replicate.delivery/pbxt/aqyQY5qA7oZ9Ih5YaqSOupSJwH2uQ8j32GihC51vcF2haqNE/out-0.png"
        },
        {
            "name": "Farfadet",
            "avatar": "https://replicate.delivery/pbxt/OIdwtLyC4JIfZSiPVp2IYDaNPjteqffzFH6fSvX7iifOjaqNE/out-0.png"
        },
        {
            "name": "Pikouik",
            "avatar": "https://replicate.delivery/pbxt/fVf3VLEFRzq8YkexQEpFPqF4NvxJIfSLxVp3BES3klXHpmaDB/out-0.png"
        },
        {
            "name": "Sasquatch",
            "avatar": "https://replicate.delivery/pbxt/Va9VCFDAErK4IBBkKPwO77TfJZA22r3ie0e918EvRZHsUTthA/out-0.png"
        },
        {
            "name": "Homoncule",
            "avatar": "https://replicate.delivery/pbxt/ud27M5mUVwa9H9ykIfZCHIV8SEX35Pj5t7u9na5Qki8N1UbIA/out-0.png"
        },
        {
            "name": "Phoenix",
            "avatar": "https://replicate.delivery/pbxt/jiDvN04gWvozKVQbbZH5UuL7fVXqmq6HL8599rUBS7NQ1UbIA/out-0.png"
        },
        {
            "name": "Cyclope",
            "avatar": "https://replicate.delivery/pbxt/sYf2BNN3SemG0Ex3qilUoiexShbGIJxEHMBjdOIe2ntZqmaDB/out-0.png"
        },
        {
            "name": "Jackalope",
            "avatar": "https://replicate.delivery/pbxt/74v7SWWOaX55FlI1fwdeEeHB1Bf9J8pX0r0IY1zJAbUpqmaDB/out-0.png"
        },
        {
            "name": "Elfe",
            "avatar": "https://replicate.delivery/pbxt/o4M0T82c1FZXD5zCL9rUX1tT0gYJjUV62e9pKf6af6aeqmaDB/out-0.png"
        },
        {
            "name": "Fomorian",
            "avatar": "https://replicate.delivery/pbxt/XgUOSNcYxBJeFyy2sBcGxjh2YERq9fc838YERm9ckzd0qp2QA/out-0.png"
        },
        {
            "name": "Jinn",
            "avatar": "https://replicate.delivery/pbxt/DBpGOq4w5brlAxM18YZEbNcBIUweiNdDzuiffvSM7pazVTthA/out-0.png"
        },
        {
            "name": "Jawad",
            "avatar": "https://replicate.delivery/pbxt/G4FeW4vSIIQREinYWQpdlnMkclbrS9omcfPo2HGgoNBeVTthA/out-0.png"
        },
        {
            "name": "Kraken",
            "avatar": "https://replicate.delivery/pbxt/heYwX35CfYofhpRS6VcfAEPehafUF2Hvgvf3VgOZiZ0mj1UbIA/out-0.png"
        },
        {
            "name": "Loup garou",
            "avatar": "https://replicate.delivery/pbxt/9p4l5LztfnUeo0rNxReYHwcGU1aeyU97zWTtXOhAJArTtmaDB/out-0.png"
        },
        {
            "name": "Dinosaure",
            "avatar": "https://replicate.delivery/pbxt/7rI8nns3px4hH9hofw8e5nbSvAc0GMfxpBAamFepMfcLbN1GC/out-0.png"
        },
        {
            "name": "Kitsune",
            "avatar": "https://replicate.delivery/pbxt/s53QdLFTlTK9DxvnrCTCco6DEfmytR9EqLZFAoj9Qef7WTthA/out-0.png"
        },
        {
            "name": "Tengu",
            "avatar": "https://replicate.delivery/pbxt/8OKkIJSIusrMORkaQEpUxk7mwFYZvqVjhfVCcX6b9ifhrp2QA/out-0.png"
        },
        {
            "name": "Ogre",
            "avatar": "https://replicate.delivery/pbxt/HbrNrQyAxD4BF18Oypda8deTfLkNrD0e5eZnCoBSQokMumaDB/out-0.png"
        },
        {
            "name": "Sirène",
            "avatar": "https://replicate.delivery/pbxt/rDHlT7FSdipCLdV6OCNr2yfRyelrX8cBeI3Vq7aGsEmKXTthA/out-0.png"
        },
        {
            "name": "Zombie",
            "avatar": "https://replicate.delivery/pbxt/s7nCe7ijCZ1nNiCSMYDxMxhd644r14iyMPnEXeEp04Uqrp2QA/out-0.png"
        },
        {
            "name": "Simurgh",
            "avatar": "https://replicate.delivery/pbxt/IvVWGmjeRepLfoofeNIlztx3qWeO89wUlUXBosGJquwa7aqNE/out-0.png"
        },
        {
            "name": "Fée",
            "avatar": "https://replicate.delivery/pbxt/LxTrvTNuEV4aOx86xCWFtJVXcyeEsTAHrQzJtOY7CBX41UbIA/out-0.png"
        },
        {
            "name": "Cerbère",
            "avatar": "https://replicate.delivery/pbxt/FP0HSmmf3BRodCVaJ4OrakWFcJcxLiHdVA5xayxzpqC71UbIA/out-0.png"
        },
        {
            "name": "Harpie",
            "avatar": "https://replicate.delivery/pbxt/E9jTzYAK1HrtH5IWHKaqsVgOkwT7AYCBgcAPTEMUdVyxbqNE/out-0.png"
        },
        {
            "name": "Léviathan",
            "avatar": "https://replicate.delivery/pbxt/Jk2Ar0lchRpTB50QfDB0EEyDLzeXGlYKCADvKa88eLkhemaDB/out-0.png"
        },
        {
            "name": "Gobelin",
            "avatar": "https://replicate.delivery/pbxt/xFxRngMQlJYZH93Ue37IaU9HwhyRSWSiuG3LGOfhsBlbvp2QA/out-0.png"
        },
        {
            "name": "Satyre",
            "avatar": "https://replicate.delivery/pbxt/nRMrAKujg3YeECclLeuyZV6gEk3bm1RbEvMx4Deg7WgJfmaDB/out-0.png"
        },
        {
            "name": "Hydre",
            "avatar": "https://replicate.delivery/pbxt/1ojXHK1LF27gPRa2OZfqlngaozP89A8dGSAMcGdvErA33UbIA/out-0.png"
        },
        {
            "name": "Faune",
            "avatar": "https://replicate.delivery/pbxt/V0FuBaqFlfV4ES7TYHtupvsi1LT9hmqtRWrXEg2zirbB4UbIA/out-0.png"
        },
        {
            "name": "Garuda",
            "avatar": "https://replicate.delivery/pbxt/i6Q62YOgWaq0CdI9zNuUyn2eLKZv2zaFlXRgheQ8vNIUwp2QA/out-0.png"
        },
        {
            "name": "Drider",
            "avatar": "https://replicate.delivery/pbxt/MxKmuOdPEvJxNt4VEoPmCcOTmjzyN4CAMI62tBA7iGhIcqNE/out-0.png"
        },
        {
            "name": "Lamia",
            "avatar": "https://replicate.delivery/pbxt/fFvVaCPdaEXgKK8qKWaNvmAQvAKzaXpZuTwZIcCvcsrW4UbIA/out-0.png"
        },
        {
            "name": "Kelpie",
            "avatar": "https://replicate.delivery/pbxt/EVluAYpomfywNqIq33y4XJQXel9jOlz5nkfVhZ7kfB0wDnaDB/out-0.png"
        },
        {
            "name": "Manticore",
            "avatar": "https://replicate.delivery/pbxt/1fSEQvxvVoQPJia0E4keKPXiNLElctXEysksYAfl2MnJiTthA/out-0.png"
        },
        {
            "name": "Lamia",
            "avatar": "https://replicate.delivery/pbxt/10shDeomQTVFFa5eUCuGNH1khfGmH2WvPNwW6YSe59jCFnaDB/out-0.png"
        },
        {
            "name": "Soukire",
            "avatar": "https://replicate.delivery/pbxt/96PGcYISEfyTZizPi6uHEd76t9znCHTgILD7AoSgbmOs4UbIA/out-0.png"
        },
        {
            "name": "Yéti",
            "avatar": "https://replicate.delivery/pbxt/8JK6uC5eELQXQ6VTgfkjP0YP53wACBSyE2oW6wJEXyhaxp2QA/out-0.png"
        },
        {
            "name": "Kappa",
            "avatar": "https://replicate.delivery/pbxt/gPN1vehKAetDKUSxyHm0jyZBG45v4rF9igfgGIlzHEDeFnaDB/out-0.png"
        },
        {
            "name": "Oni",
            "avatar": "https://replicate.delivery/pbxt/zf0L48eoZgsfvIFfab67cxAi0SFEVkXL7UXDSeixerpzYcqNE/out-0.png"
        },
        {
            "name": "Licorne",
            "avatar": "https://replicate.delivery/pbxt/ZxOXtxQlLBp7PhrtK3tjaI84OoHI8jULUTDTRukEsbkacqNE/out-0.png"
        },
        {
            "name": "Orc",
            "avatar": "https://replicate.delivery/pbxt/JT2e25J0mOT6f0FtoHQ426zMOoLIynovweUyOa4WbsIkjTthA/out-0.png"
        },
        {
            "name": "Méduse",
            "avatar": "https://replicate.delivery/pbxt/UilPHPb7lZaeYSKvGqydphJOAN4E3Y7XfANe4iHGEds1jTthA/out-0.png"
        },
        {
            "name": "Nymphe",
            "avatar": "https://replicate.delivery/pbxt/kHiIFWijpUYpI9cxOIK9FZ3Z6u7Z69cjTFZ9m2Yr3QIhcqNE/out-0.png"
        },
        {
            "name": "Sphynx",
            "avatar": "https://replicate.delivery/pbxt/2SBLeP0ewKowXEXmU9PsX7TXHYf6KIyoml680NG6fvy4InaDB/out-0.png"
        },
        {
            "name": "Chimère",
            "avatar": "https://replicate.delivery/pbxt/dSgmS21YemUmOCfYClDAe2tU0r9ICHuG4L6ffkITwzeNmcqNE/out-0.png"
        },
        {
            "name": "Tanuki",
            "avatar": "https://replicate.delivery/pbxt/pk4vvDTCVZ5uBFVJj5ytEqzqRY1SHDWBZQvu02ecVhDR5UbIA/out-0.png"
        },
        {
            "name": "Peryton",
            "avatar": "https://replicate.delivery/pbxt/wfMx6ZsH0WSsb62A3GzmxFu0pfXI3zZrrNQsxjSE4Cdsyp2QA/out-0.png"
        },
        {
            "name": "Troll",
            "avatar": "https://replicate.delivery/pbxt/TvVpUlSM9f3nXKEuafGde6d1gVDWfr4IH507Uru9xAnZLnaDB/out-0.png"
        },
        {
            "name": "Éfrit",
            "avatar": "https://replicate.delivery/pbxt/i8Qvzy0BrLblAhHkuAEnzLZb7ymGg3HZtG1t10e18cTg5UbIA/out-0.png"
        },
        {
            "name": "Vampire",
            "avatar": "https://replicate.delivery/pbxt/BFfP8CciEtQoZCftBj1iXlLn24ndeHQegPpaCPgKgeJYZO1GC/out-0.png"
        },
        {
            "name": "Minotaure",
            "avatar": "https://replicate.delivery/pbxt/M3O4UDEQ4uqecSf407IjDxKyO5L5DnPxqes3cRSXeLKQNnaDB/out-0.png"
        },
        {
            "name": "Alkonost",
            "avatar": "https://replicate.delivery/pbxt/H6H7Oua6SPZvH9fw9jJyhozjZhhxw2oVToTxFWnlV2Vv5UbIA/out-0.png"
        },
        {
            "name": "Banshee",
            "avatar": "https://replicate.delivery/pbxt/0ScBItHk7oKpPtDRx0fnofNfoZq9mRtffCijb2HUdUMDdO1GC/out-0.png"
        },
        {
            "name": "Griffon",
            "avatar": "https://replicate.delivery/pbxt/RertTOFt4xwsSCcAeyJju1Tdk1xhqM2YVRfOExJpOeqNPnaDB/out-0.png"
        },
        {
            "name": "Pégase",
            "avatar": "https://replicate.delivery/pbxt/o7teYaLjW6wRSi5Y0dAIbrWPPo7xYclHbWr9FrRuR2lezp2QA/out-0.png"
        },
        {
            "name": "Triton",
            "avatar": "https://replicate.delivery/pbxt/1Y0Qw3sCdewjDaw4cwezRDc98ZV29qjreQHTSaTnb6NPoTthA/out-0.png"
        },
        {
            "name": "Momie",
            "avatar": "https://replicate.delivery/pbxt/1tZqQPfnnzxRSyYISHmOX5nrfcS32MFMGQy3aOpFa5SR0p2QA/out-0.png"
        },
        {
            "name": "Centaure",
            "avatar": "https://replicate.delivery/pbxt/2tHVM4D8qZ7yA9fxVBX1r6FAVtMNmScumK7ffTLkkc93oTthA/out-0.png"
        },
        {
            "name": "Nain",
            "avatar": "https://replicate.delivery/pbxt/BLdV7z4cEFYHGR0uYEZFmi5p7GeeB3wKGCW3DNMKnqWl0p2QA/out-0.png"
        },
        {
            "name": "Fantôme",
            "avatar": "https://replicate.delivery/pbxt/myF85Zwtm55xMFqe7V5aXQMVxCbDfUnjoCq0umZDYkXv0p2QA/out-0.png"
        }
    ]
}